{"area_name":"2 back0.jpg","base_rotation":0,"panorama_texture_filename":"2Back0.jpg.jpg","teleporter_positions":[{"position_x":-2.74142003059387,"position_y":-2.18109011650085,"position_z":-2.82719993591309,"rotation_x":0,"rotation_y":-0.76999300718307,"rotation_z":-0.0000192162006,"teleport_location_filename":"2Right9.jpg.json"},{"position_x":4.11343002319336,"position_y":-1.3981100320816,"position_z":1.17929995059967,"rotation_x":0.0000000298022992950564,"rotation_y":1.85001003742218,"rotation_z":-0.00001832620001,"teleport_location_filename":"2Back1.jpg.json"}]}