{"area_name":"2 back1.jpg","base_rotation":0,"panorama_texture_filename":"2Back1.jpg.jpg","teleporter_positions":[{"position_x":4.15572023391724,"position_y":-1.39812004566193,"position_z":-1.02047002315521,"rotation_x":-0.0000000298023,"rotation_y":1.33001005649567,"rotation_z":-0.00001797140067,"teleport_location_filename":"2Back2.jpg.json"},{"position_x":-3.9526801109314,"position_y":-1.94105994701386,"position_z":0.935409009456635,"rotation_x":0,"rotation_y":-1.80316996574402,"rotation_z":-0.00001832330054,"teleport_location_filename":"2Back0.jpg.json"}]}
