{"area_name":"2 back2.jpg","base_rotation":0,"panorama_texture_filename":"2Back2.jpg.jpg","teleporter_positions":[{"position_x":-3.23555994033813,"position_y":-1.94106996059418,"position_z":2.45560002326965,"rotation_x":-0.0000000298023,"rotation_y":-2.21999001502991,"rotation_z":-0.00001844500002,"teleport_location_filename":"2Back1.jpg.json"},{"position_x":-1.61756002902985,"position_y":-1.73564994335175,"position_z":-3.82595992088318,"rotation_x":0.0000000298027984513283,"rotation_y":-0.3999930024147,"rotation_z":-0.00001814049938,"teleport_location_filename":"2Left0.jpg.json"}]}