{"area_name":"2 left19.jpg","base_rotation":0,"panorama_texture_filename":"2Left19.jpg.jpg","teleporter_positions":[{"position_x":3.04399991035461,"position_y":-1.39804005622864,"position_z":3.00651001930237,"rotation_x":0,"rotation_y":2.34999990463257,"rotation_z":-0.00000203753007,"teleport_location_filename":"2Left17.jpg.json"},{"position_x":3.8287398815155,"position_y":-2.22018003463745,"position_z":-0.81925600767136,"rotation_x":0.0000000596045985901128,"rotation_y":1.36000001430511,"rotation_z":-0.00000239335009,"teleport_location_filename":"LeftStairs1.jpg.json"}]}