{"area_name":"2 left0.jpg","base_rotation":0,"panorama_texture_filename":"2Left0.jpg.jpg","teleporter_positions":[{"position_x":3.64530992507935,"position_y":-2.25950002670288,"position_z":1.36881005764008,"rotation_x":0.0000000298027984513283,"rotation_y":1.92999994754791,"rotation_z":-0.00001940979928,"teleport_location_filename":"2Back2.jpg.json"},{"position_x":-3.31552004814148,"position_y":-2.63703989982605,"position_z":-1.52382004261017,"rotation_x":-0.00000000000091,"rotation_y":-1.13998997211456,"rotation_z":-0.00001766050082,"teleport_location_filename":"2Left1.jpg.json"}]}