{"area_name":"2 left11.jpg","base_rotation":0,"panorama_texture_filename":"2Left11.jpg.jpg","teleporter_positions":[{"position_x":1.93999004364014,"position_y":-1.66542994976044,"position_z":2.39111995697021,"rotation_x":-0.0000000298024,"rotation_y":2.46000003814697,"rotation_z":-0.00000262803997,"teleport_location_filename":"2Left10.jpg.json"},{"position_x":-1.53320002555847,"position_y":-2.64340996742249,"position_z":1.70782005786896,"rotation_x":0.000000000000000888177996183652,"rotation_y":-2.41000008583069,"rotation_z":0.0000000250895002551488,"teleport_location_filename":"2Left12.jpg.json"},{"position_x":-3.74201989173889,"position_y":-2.25903010368347,"position_z":1.07284998893738,"rotation_x":0.0000000596045985901128,"rotation_y":-1.85000002384186,"rotation_z":0.00000122195001495129,"teleport_location_filename":"2Left13.jpg.json"}]}