{"area_name":"2 left5.jpg","base_rotation":0,"panorama_texture_filename":"2Left5.jpg.jpg","teleporter_positions":[{"position_x":-2.92441010475159,"position_y":-1.81778001785278,"position_z":-2.89755988121033,"rotation_x":0.0000000298022992950564,"rotation_y":-0.79000097513199,"rotation_z":-0.00000445376008,"teleport_location_filename":"2Left4Puli.jpg.json"},{"position_x":-1.95054996013641,"position_y":-2.21971011161804,"position_z":3.39422988891602,"rotation_x":0,"rotation_y":-2.61999988555908,"rotation_z":-0.00000235328002,"teleport_location_filename":"2Left6.jpg.json"},{"position_x":2.73428988456726,"position_y":-1.60977005958557,"position_z":3.19137001037598,"rotation_x":-0.00000000000006,"rotation_y":2.43319010734558,"rotation_z":-0.00000168104998,"teleport_location_filename":"2Left8.jpg.json"}]}