{"area_name":"2 left3.jpg","base_rotation":0,"panorama_texture_filename":"2Left3.jpg.jpg","teleporter_positions":[{"position_x":3.85436010360718,"position_y":-1.65165996551514,"position_z":-1.63324999809265,"rotation_x":-0.0000000596046,"rotation_y":1.16999995708466,"rotation_z":-0.00000466973006,"teleport_location_filename":"2Left4Puli.jpg.json"},{"position_x":-2.0064799785614,"position_y":-2.25870990753174,"position_z":3.3353099822998,"rotation_x":0,"rotation_y":-2.59999990463257,"rotation_z":-0.00000441279008,"teleport_location_filename":"2Left2.jpg.json"}]}
