{"area_name":"2 left8.jpg","base_rotation":0,"panorama_texture_filename":"2Left8.jpg.jpg","teleporter_positions":[{"position_x":-4.26887989044189,"position_y":-1.26882004737854,"position_z":-0.6486080288887,"rotation_x":0.0000000000000568433985320173,"rotation_y":-1.41999995708466,"rotation_z":-0.00000354331996,"teleport_location_filename":"2Left5.jpg.json"},{"position_x":-3.81105995178223,"position_y":-2.37459993362427,"position_z":0.302513003349304,"rotation_x":-0.00000000000005,"rotation_y":-1.64999997615814,"rotation_z":-0.00000316888008,"teleport_location_filename":"2Left7.jpg.json"},{"position_x":1.64451003074646,"position_y":-2.14108991622925,"position_z":3.60081005096436,"rotation_x":0.0000000298022992950564,"rotation_y":2.71319007873535,"rotation_z":-0.00000423564006,"teleport_location_filename":"2Left9.jpg.json"},{"position_x":4.2209300994873,"position_y":-1.26884996891022,"position_z":0.910125970840454,"rotation_x":0,"rotation_y":1.7831699848175,"rotation_z":-0.00000495805989,"teleport_location_filename":"2Left10.jpg.json"}]}