{"area_name":"2 left4 puli.jpg","base_rotation":0,"panorama_texture_filename":"2Left4Puli.jpg.jpg","teleporter_positions":[{"position_x":-1.04883003234863,"position_y":-1.89973998069763,"position_z":-3.94247007369995,"rotation_x":-0.00000000000017,"rotation_y":-0.26000100374222,"rotation_z":-0.00000387886985,"teleport_location_filename":"2Left3.jpg.json"},{"position_x":2.99835991859436,"position_y":-2.02126002311707,"position_z":2.67892003059387,"rotation_x":0.0000000298025000233793,"rotation_y":2.29999995231628,"rotation_z":-0.00000626255996,"teleport_location_filename":"2Left5.jpg.json"}]}