{"area_name":"2 left2.jpg","base_rotation":0,"panorama_texture_filename":"2Left2.jpg.jpg","teleporter_positions":[{"position_x":-2.88871002197266,"position_y":-2.21960997581482,"position_z":-2.64184999465942,"rotation_x":0,"rotation_y":-0.83000099658966,"rotation_z":-0.00000437382005,"teleport_location_filename":"2Left1.jpg.json"},{"position_x":-1.56859004497528,"position_y":-2.48797988891602,"position_z":3.40592002868652,"rotation_x":0,"rotation_y":-2.71000003814697,"rotation_z":-0.00000330787998,"teleport_location_filename":"2Left3.jpg.json"}]}