{"area_name":"2 left7.jpg","base_rotation":0,"panorama_texture_filename":"2Left7.jpg.jpg","teleporter_positions":[{"position_x":3.36355996131897,"position_y":-2.74430990219116,"position_z":1.18674004077911,"rotation_x":-0.0000000298023,"rotation_y":1.9099999666214,"rotation_z":-0.00000172325997,"teleport_location_filename":"2Left6.jpg.json"},{"position_x":-2.83600997924805,"position_y":-2.02187991142273,"position_z":0.348863989114761,"rotation_x":0.0000000000000284216992660086,"rotation_y":-1.69317996501923,"rotation_z":-0.0000019280601,"teleport_location_filename":"2Left8.jpg.json"}]}