{"area_name":"2 left10.jpg","base_rotation":0,"panorama_texture_filename":"2Left10.jpg.jpg","teleporter_positions":[{"position_x":-0.99769002199173,"position_y":-1.05148005485535,"position_z":-4.26076984405518,"rotation_x":-0.000000014901,"rotation_y":-0.23000200092793,"rotation_z":-0.00000627482996,"teleport_location_filename":"2Left8.jpg.json"},{"position_x":-1.19302999973297,"position_y":-1.38190996646881,"position_z":-2.98681998252869,"rotation_x":-0.0000000298025,"rotation_y":-0.38000199198723,"rotation_z":-0.00000297607994,"teleport_location_filename":"2Left9.jpg.json"},{"position_x":-2.28777003288269,"position_y":-1.93542003631592,"position_z":1.80961000919342,"rotation_x":0.0000000298024005473962,"rotation_y":-2.24000000953674,"rotation_z":-0.00000296184999,"teleport_location_filename":"2Left11.jpg.json"}]}