{"area_name":"2 left12.jpg","base_rotation":0,"panorama_texture_filename":"2Left12.jpg.jpg","teleporter_positions":[{"position_x":-2.96698999404907,"position_y":-2.59979009628296,"position_z":-2.16686010360718,"rotation_x":0.0000000596045985901128,"rotation_y":-0.94000101089478,"rotation_z":-0.00000101507999,"teleport_location_filename":"2Left11.jpg.json"},{"position_x":-3.43952989578247,"position_y":-2.59980988502502,"position_z":1.29156005382538,"rotation_x":0,"rotation_y":-1.92999994754791,"rotation_z":-0.00000189365005,"teleport_location_filename":"2Left13.jpg.json"}]}