{"area_name":"2 left17.jpg","base_rotation":0,"panorama_texture_filename":"2Left17.jpg.jpg","teleporter_positions":[{"position_x":4.22100019454956,"position_y":-1.44071996212006,"position_z":0.60506397485733,"rotation_x":-0.0000000298023,"rotation_y":1.71317005157471,"rotation_z":-0.00000127988994,"teleport_location_filename":"2Left14.jpg.json"},{"position_x":-4.00306987762451,"position_y":-1.9408700466156,"position_z":0.68387097120285,"rotation_x":0.0000000298022992950564,"rotation_y":-1.74000000953674,"rotation_z":-0.00000122756001,"teleport_location_filename":"2Left19.jpg.json"}]}