{"area_name":"2 left13.jpg","base_rotation":0,"panorama_texture_filename":"2Left13.jpg.jpg","teleporter_positions":[{"position_x":0.322917997837067,"position_y":-1.98127996921539,"position_z":-4.0283899307251,"rotation_x":0.0000000596047016188095,"rotation_y":0.0799992978572845,"rotation_z":-0.00000492381014,"teleport_location_filename":"2Left11.jpg.json"},{"position_x":2.45968008041382,"position_y":-2.63644003868103,"position_z":-2.69387006759644,"rotation_x":0.0000000894066971568463,"rotation_y":0.739998996257782,"rotation_z":-0.00000464781988,"teleport_location_filename":"2Left12.jpg.json"},{"position_x":4.14518022537231,"position_y":-1.6937700510025,"position_z":0.454429000616074,"rotation_x":0,"rotation_y":1.67999994754791,"rotation_z":-0.0000051915199,"teleport_location_filename":"2Left14.jpg.json"}]}