{"area_name":"2 left1.jpg","base_rotation":0,"panorama_texture_filename":"2Left1.jpg.jpg","teleporter_positions":[{"position_x":4.00821018218994,"position_y":-1.26871001720428,"position_z":-1.60465002059937,"rotation_x":-0.0000000298024,"rotation_y":1.19000005722046,"rotation_z":-0.000000749077,"teleport_location_filename":"2Left0.jpg.json"},{"position_x":-2.49177002906799,"position_y":-2.21957993507385,"position_z":-3.01907992362976,"rotation_x":0,"rotation_y":-0.69000101089478,"rotation_z":-0.00000440922986,"teleport_location_filename":"2Left2.jpg.json"}]}