{"area_name":"2 left9.jpg","base_rotation":0,"panorama_texture_filename":"2Left9.jpg.jpg","teleporter_positions":[{"position_x":-3.16986989974976,"position_y":-2.25887989997864,"position_z":2.25923991203308,"rotation_x":-0.0000000298023,"rotation_y":-2.19000005722046,"rotation_z":-0.0000046294299,"teleport_location_filename":"2Left8.jpg.json"},{"position_x":-2.89763998985291,"position_y":-2.06151008605957,"position_z":-2.75839996337891,"rotation_x":0,"rotation_y":-0.81000298261642,"rotation_z":-0.00000436185019,"teleport_location_filename":"2Left10.jpg.json"}]}