{"area_name":"2 left6.jpg","base_rotation":0,"panorama_texture_filename":"2Left6.jpg.jpg","teleporter_positions":[{"position_x":2.67737007141113,"position_y":-1.94045996665955,"position_z":-3.05271005630493,"rotation_x":0.0000000298024005473962,"rotation_y":0.719998002052307,"rotation_z":-0.0000035948699,"teleport_location_filename":"2Left5.jpg.json"},{"position_x":0.532848000526428,"position_y":-1.94047999382019,"position_z":4.0253701210022,"rotation_x":-0.0000000298024,"rotation_y":3.00999999046326,"rotation_z":-0.00000360280001,"teleport_location_filename":"2Left7.jpg.json"}]}