{"area_name":"2 left14.jpg","base_rotation":0,"panorama_texture_filename":"2Left14.jpg.jpg","teleporter_positions":[{"position_x":2.10028004646301,"position_y":-2.45083999633789,"position_z":-3.13690996170044,"rotation_x":-0.0000000298022,"rotation_y":0.58999902009964,"rotation_z":-0.00000352632992,"teleport_location_filename":"2Left13.jpg.json"},{"position_x":-3.63056993484497,"position_y":-2.25910997390747,"position_z":1.40487003326416,"rotation_x":0.000000000000113687000351942,"rotation_y":-1.94000005722046,"rotation_z":-0.00000330577996,"teleport_location_filename":"2Left17.jpg.json"}]}