{"area_name":"2 right3.jpg","base_rotation":0,"panorama_texture_filename":"2Right3.jpg.jpg","teleporter_positions":[{"position_x":-0.44245898723602,"position_y":-2.63640999794006,"position_z":3.6209499835968,"rotation_x":-0.0000000596046,"rotation_y":-3.01999998092651,"rotation_z":-0.00000462354001,"teleport_location_filename":"2Right1.jpg.json"},{"position_x":-0.33986601233482,"position_y":-1.69375002384186,"position_z":4.15617990493774,"rotation_x":0.0000000298022992950564,"rotation_y":-3.05999994277954,"rotation_z":-0.00000464706,"teleport_location_filename":"2Right0.jpg.json"},{"position_x":3.64297008514404,"position_y":-1.73537003993988,"position_z":-1.99395000934601,"rotation_x":0.0000000298021003430904,"rotation_y":1.07000005245209,"rotation_z":-0.0000055492801,"teleport_location_filename":"2Right4.jpg.json"}]}