{"area_name":"2 right5.jpg","base_rotation":0,"panorama_texture_filename":"2Right5.jpg.jpg","teleporter_positions":[{"position_x":3.91752004623413,"position_y":-1.61003994941711,"position_z":-1.52307999134064,"rotation_x":-0.0000000298022,"rotation_y":1.20000004768372,"rotation_z":-0.00000444795978,"teleport_location_filename":"2Right4.jpg.json"},{"position_x":-1.5056300163269,"position_y":-1.3551299571991,"position_z":4.01953983306885,"rotation_x":-0.0000000298025,"rotation_y":-2.78319001197815,"rotation_z":-0.00000479782011,"teleport_location_filename":"Img2023111613065000077.jpg.json"}]}