{"area_name":"2 right4.jpg","base_rotation":0,"panorama_texture_filename":"2Right4.jpg.jpg","teleporter_positions":[{"position_x":-1.34110999107361,"position_y":-2.02158999443054,"position_z":-3.79120993614197,"rotation_x":0.0000000596047016188095,"rotation_y":-0.33999899029732,"rotation_z":-0.0000057202501,"teleport_location_filename":"2Right3.jpg.json"},{"position_x":2.97197008132935,"position_y":-1.56791996955872,"position_z":2.99464011192322,"rotation_x":0,"rotation_y":2.35999989509583,"rotation_z":-0.00000528582996,"teleport_location_filename":"2Right5.jpg.json"}]}