{"area_name":"2 right0.jpg","base_rotation":0,"panorama_texture_filename":"2Right0.jpg.jpg","teleporter_positions":[{"position_x":-2.74549007415771,"position_y":-3.05394005775452,"position_z":-1.84141004085541,"rotation_x":-0.00000000000004,"rotation_y":-0.97999602556229,"rotation_z":-0.0000024235801,"teleport_location_filename":"RightStairs1.jpg.json"},{"position_x":4.26249980926514,"position_y":-1.31201004981995,"position_z":-0.60415899753571,"rotation_x":-0.0000000298023,"rotation_y":1.42999994754791,"rotation_z":-0.000000446868,"teleport_location_filename":"2Right1.jpg.json"},{"position_x":-0.2041140049696,"position_y":-1.56782996654511,"position_z":4.21379995346069,"rotation_x":0.0000000000000142109004549812,"rotation_y":-3.09318995475769,"rotation_z":-0.00000398627981,"teleport_location_filename":"2Right3.jpg.json"}]}