{"area_name":"2 right6.jpg","base_rotation":0,"panorama_texture_filename":"2Right6.jpg.jpg","teleporter_positions":[{"position_x":3.34837007522583,"position_y":-2.41313004493713,"position_z":1.79624998569489,"rotation_x":-0.0000000298021,"rotation_y":2.06318998336792,"rotation_z":-0.00000851676032,"teleport_location_filename":"Img2023111613065000077.jpg.json"},{"position_x":-2.08743000030518,"position_y":-2.41314005851746,"position_z":3.17504000663757,"rotation_x":0.00000000000026743600281369,"rotation_y":-2.55998992919922,"rotation_z":-0.00000897365044,"teleport_location_filename":"2Right7.jpg.json"}]}