{"area_name":"2 right1.jpg","base_rotation":0,"panorama_texture_filename":"2Right1.jpg.jpg","teleporter_positions":[{"position_x":1.40920996665955,"position_y":-2.41283988952637,"position_z":-3.52823996543884,"rotation_x":0.000000000000113687000351942,"rotation_y":0.380001991987228,"rotation_z":-0.00000371801002,"teleport_location_filename":"2Right0.jpg.json"},{"position_x":-3.35080003738403,"position_y":-2.41284990310669,"position_z":-1.79068994522095,"rotation_x":-0.0000000298023,"rotation_y":-1.08000004291534,"rotation_z":-0.00000386555985,"teleport_location_filename":"2Right3.jpg.json"}]}