{"area_name":"2 right8.jpg","base_rotation":0,"panorama_texture_filename":"2Right8.jpg.jpg","teleporter_positions":[{"position_x":3.0221700668335,"position_y":-1.56805002689362,"position_z":2.94457006454468,"rotation_x":-0.0000000298028,"rotation_y":2.34318995475769,"rotation_z":-0.00000576582988,"teleport_location_filename":"2Right7.jpg.json"},{"position_x":-2.19438004493713,"position_y":-1.65213000774384,"position_z":3.56631994247437,"rotation_x":0.0000000298022992950564,"rotation_y":-2.58998990058899,"rotation_z":-0.00000926796019,"teleport_location_filename":"2Right10.jpg.json"}]}