{"area_name":"2 right9.jpg","base_rotation":0,"panorama_texture_filename":"2Right9.jpg.jpg","teleporter_positions":[{"position_x":-2.59174990653992,"position_y":-3.65070009231567,"position_z":0.469464004039764,"rotation_x":0.0000000298022992950564,"rotation_y":-1.74998998641968,"rotation_z":-0.00002076979945,"teleport_location_filename":"2Right10.jpg.json"},{"position_x":4.09976005554199,"position_y":-1.44081997871399,"position_z":1.17537999153137,"rotation_x":-0.00000000000045,"rotation_y":1.85001003742218,"rotation_z":-0.00001567479922,"teleport_location_filename":"2Back0.jpg.json"}]}