{"area_name":"2 right7.jpg","base_rotation":0,"panorama_texture_filename":"2Right7.jpg.jpg","teleporter_positions":[{"position_x":3.7673499584198,"position_y":-2.41315007209778,"position_z":-0.49559998512268,"rotation_x":-0.0000000298023,"rotation_y":1.44000005722046,"rotation_z":-0.00000915715009,"teleport_location_filename":"2Right6.jpg.json"},{"position_x":-2.2849600315094,"position_y":-2.81572008132935,"position_z":2.66700005531311,"rotation_x":0.0000000298022992950564,"rotation_y":-2.43319010734558,"rotation_z":-0.00000963333969,"teleport_location_filename":"2Right8.jpg.json"}]}