{"area_name":"2 right10.jpg","base_rotation":0,"panorama_texture_filename":"2Right10.jpg.jpg","teleporter_positions":[{"position_x":3.36712002754211,"position_y":-1.44082999229431,"position_z":-2.61752009391785,"rotation_x":0.0000000298022992950564,"rotation_y":0.910006999969482,"rotation_z":-0.00001678760054,"teleport_location_filename":"2Right8.jpg.json"},{"position_x":3.61726999282837,"position_y":-2.45116996765137,"position_z":-1.08256995677948,"rotation_x":0.0000000596045985901128,"rotation_y":1.28000998497009,"rotation_z":-0.0000188537997,"teleport_location_filename":"2Right9.jpg.json"}]}