{"area_name":"back2.jpg","base_rotation":0,"panorama_texture_filename":"Back2.jpg.jpg","teleporter_positions":[{"position_x":-3.5137300491333,"position_y":-2.56330990791321,"position_z":1.16131997108459,"rotation_x":-0.0000000298023,"rotation_y":-1.88999998569489,"rotation_z":0.00000183509996531939,"teleport_location_filename":"Rights0.jpg.json"},{"position_x":4.12319993972778,"position_y":-1.39805996417999,"position_z":-1.14469003677368,"rotation_x":0,"rotation_y":1.29999005794525,"rotation_z":0.00000147675996231555,"teleport_location_filename":"Back1.jpg.json"}]}