{"area_name":"back0.jpg","base_rotation":0,"panorama_texture_filename":"Back0.jpg.jpg","teleporter_positions":[{"position_x":-4.2494797706604,"position_y":-1.48330998420715,"position_z":0.0816169008612633,"rotation_x":0.0000000298022992950564,"rotation_y":-1.5900000333786,"rotation_z":0.0000016288199731207,"teleport_location_filename":"Back1.jpg.json"},{"position_x":3.84587001800537,"position_y":-2.33675003051758,"position_z":-0.11848500370979,"rotation_x":0,"rotation_y":1.53998994827271,"rotation_z":0.00000264413006334507,"teleport_location_filename":"Left11.jpg.json"}]}