{"area_name":"back1.jpg","base_rotation":0,"panorama_texture_filename":"Back1.jpg.jpg","teleporter_positions":[{"position_x":-4.03877019882202,"position_y":-1.98149001598358,"position_z":-0.16485700011253,"rotation_x":0,"rotation_y":-1.52999997138977,"rotation_z":0.00000281252005152055,"teleport_location_filename":"Back2.jpg.json"},{"position_x":4.18440008163452,"position_y":-1.39805996417999,"position_z":-0.8953629732132,"rotation_x":0.0000000894069032142397,"rotation_y":1.35999000072479,"rotation_z":0.00000163647996487271,"teleport_location_filename":"Back0.jpg.json"}]}