{"area_name":"front right.jpg","base_rotation":-3.11,"panorama_texture_filename":"FrontRight.jpg.jpg","teleporter_positions":[{"position_x":-1.13320004940033,"position_y":-1.83253002166748,"position_z":-3.66339993476868,"rotation_x":-0.0000000298022,"rotation_y":-0.30000001192093,"rotation_z":-0.00000321718994,"teleport_location_filename":"FrontClosedDoors(2).jpg.json"},{"position_x":-0.26245599985123,"position_y":-1.44031000137329,"position_z":4.25520992279053,"rotation_x":0.0000000298022992950564,"rotation_y":-3.07999992370605,"rotation_z":-0.00000393272012,"teleport_location_filename":"Middle0.jpg.json"}]}
