{"area_name":"IMG_20231116_094649_00_044.jpg","base_rotation":0,"panorama_texture_filename":"Img2023111609464900044.jpg.jpg","teleporter_positions":[{"position_x":-0.53609597682953,"position_y":-1.65172004699707,"position_z":4.15191984176636,"rotation_x":-0.0000000298023,"rotation_y":-3.01319003105164,"rotation_z":-0.00000493530979,"teleport_location_filename":"Middle7.jpg.json"},{"position_x":4.3194899559021,"position_y":-1.05138003826141,"position_z":-0.70058798789978,"rotation_x":-0.0000000149011,"rotation_y":1.4099999666214,"rotation_z":-0.00000444695979,"teleport_location_filename":"Left00.jpg.json"}]}