{"area_name":"IMG_20231116_130145_00_074.jpg","base_rotation":0,"panorama_texture_filename":"Img2023111613014500074.jpg.jpg","teleporter_positions":[{"position_x":2.05117988586426,"position_y":-1.39801001548767,"position_z":-3.75468993186951,"rotation_x":0.000000000000113687000351942,"rotation_y":0.499998986721039,"rotation_z":-0.00000310305995,"teleport_location_filename":"FrontClosedDoors(2).jpg.json"},{"position_x":-0.08258719742298,"position_y":-0.34093999862671,"position_z":4.4872899055481,"rotation_x":0,"rotation_y":-3.12318992614746,"rotation_z":-0.00000374164006,"teleport_location_filename":"LeftStairs1.jpg.json"}]}