{"area_name":"IMG_20240321_140130_00_113_PureShot.jpg","base_rotation":0,"panorama_texture_filename":"Img2024032114013000113PureShot.jpg.jpg","teleporter_positions":[{"position_x":0.220639005303383,"position_y":-0.8754979968071,"position_z":-4.40853023529053,"rotation_x":0,"rotation_y":0.0500032007694244,"rotation_z":0.00000295560994345578,"teleport_location_filename":"FrontClosedDoors(2).jpg.json"}]}
