{"area_name":"IMG_20231116_130650_00_077.jpg","base_rotation":0,"panorama_texture_filename":"Img2023111613065000077.jpg.jpg","teleporter_positions":[{"position_x":0.471201002597809,"position_y":-1.35514998435974,"position_z":-4.26638984680176,"rotation_x":-0.0000000596046,"rotation_y":0.110002003610134,"rotation_z":-0.0000052339301,"teleport_location_filename":"2Right6.jpg.json"},{"position_x":0.221370995044708,"position_y":-1.35515999794006,"position_z":4.28663015365601,"rotation_x":-0.0000000298024,"rotation_y":3.08999991416931,"rotation_z":-0.00000545696003,"teleport_location_filename":"2Right5.jpg.json"}]}