{"area_name":"left4.jpg","base_rotation":0,"panorama_texture_filename":"Left4.jpg.jpg","teleporter_positions":[{"position_x":-3.3972499370575,"position_y":-1.97335994243622,"position_z":0.756821990013123,"rotation_x":-0.00000000000023,"rotation_y":-1.78998994827271,"rotation_z":-0.00001688590055,"teleport_location_filename":"Left1.jpg.json"},{"position_x":-2.96772003173828,"position_y":-2.31097006797791,"position_z":-1.36395001411438,"rotation_x":-0.0000000298023,"rotation_y":-1.13999998569489,"rotation_z":-0.00001633549982,"teleport_location_filename":"Left2.jpg.json"},{"position_x":1.44581997394562,"position_y":-1.68891000747681,"position_z":-3.32648992538452,"rotation_x":0,"rotation_y":0.410001993179321,"rotation_z":-0.00001426539984,"teleport_location_filename":"Left3.jpg.json"},{"position_x":3.8357400894165,"position_y":-1.60969996452332,"position_z":-1.71658003330231,"rotation_x":0,"rotation_y":1.14999997615814,"rotation_z":0.00000558024021302117,"teleport_location_filename":"Left5Vase.jpg.json"}]}
