{"area_name":"left2.jpg","base_rotation":0,"panorama_texture_filename":"Left2.jpg.jpg","teleporter_positions":[{"position_x":-2.62356996536255,"position_y":-2.59507989883423,"position_z":1.54560995101929,"rotation_x":0.0000000298022992950564,"rotation_y":-2.10317993164063,"rotation_z":-0.00002442130062,"teleport_location_filename":"Left1.jpg.json"},{"position_x":2.82042002677917,"position_y":-2.47125005722046,"position_z":1.39459002017975,"rotation_x":-0.0000000298019,"rotation_y":2.02999997138977,"rotation_z":-0.00001804400017,"teleport_location_filename":"Left4.jpg.json"}]}
