{"area_name":"left stairs1.jpg","base_rotation":0,"panorama_texture_filename":"LeftStairs1.jpg.jpg","teleporter_positions":[{"position_x":-4.46580982208252,"position_y":-0.43066701292992,"position_z":-0.3616209924221,"rotation_x":0.00000000745059036688644,"rotation_y":-1.49000000953674,"rotation_z":-0.00000272755005,"teleport_location_filename":"2Left19.jpg.json"},{"position_x":-0.9420679807663,"position_y":-2.81557011604309,"position_z":3.38297009468079,"rotation_x":-0.00000000000006,"rotation_y":-2.86999988555908,"rotation_z":-0.00000260539991,"teleport_location_filename":"Img2023111613014500074.jpg.json"}]}