{"area_name":"left5 vase.jpg","base_rotation":0,"panorama_texture_filename":"Left5Vase.jpg.jpg","teleporter_positions":[{"position_x":-4.03446006774902,"position_y":-1.9001499414444,"position_z":-0.61301201581955,"rotation_x":-0,"rotation_y":-1.41999995708466,"rotation_z":-0.0000000526353,"teleport_location_filename":"Left3.jpg.json"},{"position_x":-2.29149007797241,"position_y":-1.65272998809814,"position_z":-2.83364009857178,"rotation_x":0,"rotation_y":-0.6800029873848,"rotation_z":0.00000101802004337515,"teleport_location_filename":"Left4.jpg.json"},{"position_x":4.36626005172729,"position_y":-1.09527003765106,"position_z":-0.00350138009526,"rotation_x":-0,"rotation_y":1.56999003887177,"rotation_z":0.000000256194994108228,"teleport_location_filename":"Left7.jpg.json"}]}