{"area_name":"left00.jpg","base_rotation":0,"panorama_texture_filename":"Left00.jpg.jpg","teleporter_positions":[{"position_x":4.04625988006592,"position_y":-1.44043004512787,"position_z":-1.34444999694824,"rotation_x":-0.0000000298024,"rotation_y":1.25,"rotation_z":-0.00000478480979,"teleport_location_filename":"Left1.jpg"}]}
