{"area_name":"left11.jpg","base_rotation":0,"panorama_texture_filename":"Left11.jpg.jpg","teleporter_positions":[{"position_x":3.63090991973877,"position_y":-2.37506008148193,"position_z":1.20001995563507,"rotation_x":-0.0000000596046,"rotation_y":1.88998997211456,"rotation_z":0.000000762250010666321,"teleport_location_filename":"Back0.jpg.json"},{"position_x":-4.18217992782593,"position_y":-1.48330998420715,"position_z":0.757586002349854,"rotation_x":0,"rotation_y":-1.75,"rotation_z":0.0000000489179008411611,"teleport_location_filename":"Left10Cheetah.jpg.json"}]}