{"area_name":"left7.jpg","base_rotation":0,"panorama_texture_filename":"Left7.jpg.jpg","teleporter_positions":[{"position_x":-4.14934015274048,"position_y":-1.35511994361877,"position_z":1.10028994083405,"rotation_x":0.0000000000000225199006442583,"rotation_y":-1.83000004291534,"rotation_z":0.000000557610974283307,"teleport_location_filename":"Left5Vase.jpg.json"},{"position_x":4.10037994384766,"position_y":-1.09528005123138,"position_z":-1.5004700422287,"rotation_x":0,"rotation_y":1.21999001502991,"rotation_z":0.000000249312989808459,"teleport_location_filename":"Left10Cheetah.jpg.json"}]}