{"area_name":"left1.jpg","base_rotation":0,"panorama_texture_filename":"Left1.jpg.jpg","teleporter_positions":[{"position_x":-3.63245010375977,"position_y":-1.46829998493195,"position_z":0.809220016002655,"rotation_x":-0.0000000298023,"rotation_y":-1.78999996185303,"rotation_z":-0.00000656159,"teleport_location_filename":"Left00.jpg.json"},{"position_x":3.79046010971069,"position_y":-1.24248003959656,"position_z":-0.3069030046463,"rotation_x":0.0000000298024005473962,"rotation_y":1.49000000953674,"rotation_z":-0.00000861335957,"teleport_location_filename":"Left4.jpg.json"},{"position_x":-2.63577008247375,"position_y":-2.40790009498596,"position_z":-1.80633997917175,"rotation_x":0.0000000298022992950564,"rotation_y":-0.96999502182007,"rotation_z":-0.00001680609967,"teleport_location_filename":"Left2.jpg.json"}]}