{"area_name":"left00.jpg","base_rotation":1.31,"panorama_texture_filename":"Left00.jpg.jpg","teleporter_positions":[{"position_x":1.4684100151062,"position_y":-1.44044005870819,"position_z":4.0029501914978,"rotation_x":0.000000000000227374000703884,"rotation_y":2.78999996185303,"rotation_z":-0.00000552099982,"teleport_location_filename":"Img2023111609464900044.jpg.json"}]}
