{"area_name":"left10 cheetah.jpg","base_rotation":0,"panorama_texture_filename":"Left10Cheetah.jpg.jpg","teleporter_positions":[{"position_x":4.2547402381897,"position_y":-1.18209004402161,"position_z":-0.86600697040558,"rotation_x":0.0000000298022992950564,"rotation_y":1.37000000476837,"rotation_z":-0.00000055347198,"teleport_location_filename":"Left11.jpg.json"},{"position_x":-4.19223022460938,"position_y":-1.60966002941132,"position_z":0.290574014186859,"rotation_x":-0.0000000596046,"rotation_y":-1.63999998569489,"rotation_z":-0.00000057620503,"teleport_location_filename":"Left7.jpg.json"}]}