{"area_name":"left3.jpg","base_rotation":0,"panorama_texture_filename":"Left3.jpg.jpg","teleporter_positions":[{"position_x":2.01099991798401,"position_y":-2.33663010597229,"position_z":-3.2800600528717,"rotation_x":0.0000000596047016188095,"rotation_y":0.549997985363007,"rotation_z":0.00000144328998885612,"teleport_location_filename":"Left4.jpg.json"},{"position_x":-3.1356999874115,"position_y":-2.45098996162415,"position_z":-2.10311007499695,"rotation_x":0.0000000596045985901128,"rotation_y":-0.98000198602676,"rotation_z":0.00000103775005300122,"teleport_location_filename":"Left5Vase.jpg.json"}]}