{"area_name":"middle7.jpg","base_rotation":1.47,"panorama_texture_filename":"Middle7.jpg.jpg","teleporter_positions":[{"position_x":3.83956003189087,"position_y":-1.08933997154236,"position_z":-0.27226701378822,"rotation_x":0.0000000298022992950564,"rotation_y":1.5,"rotation_z":-0.00000402485011,"teleport_location_filename":"Middle6.jpg.json"},{"position_x":-3.72101998329163,"position_y":-1.46817994117737,"position_z":-0.04019780084491,"rotation_x":-0,"rotation_y":-1.55999994277954,"rotation_z":-0.00000496337998,"teleport_location_filename":"Img2023111609464900044.jpg.json"}]}
