{"area_name":"middle5.jpg","base_rotation":0,"panorama_texture_filename":"Middle5.jpg.jpg","teleporter_positions":[{"position_x":-4.28079986572266,"position_y":-1.26871001720428,"position_z":-0.56315702199936,"rotation_x":0.0000000298024005473962,"rotation_y":-1.44000005722046,"rotation_z":-0.00000681259007,"teleport_location_filename":"Middle6.jpg.json"},{"position_x":4.18171977996826,"position_y":-1.22544002532959,"position_z":1.12311005592346,"rotation_x":0,"rotation_y":1.83317995071411,"rotation_z":0.00000243488989326579,"teleport_location_filename":"Middle4.jpg.json"}]}