{"area_name":"middle4.jpg","base_rotation":0,"panorama_texture_filename":"Middle4.jpg.jpg","teleporter_positions":[{"position_x":-0.55144900083542,"position_y":-1.60968005657196,"position_z":4.166100025177,"rotation_x":0.0000000000000489538016243754,"rotation_y":-3.00999999046326,"rotation_z":-0.00000328522992,"teleport_location_filename":"Middle5.jpg.json"},{"position_x":1.23547995090485,"position_y":-1.60968005657196,"position_z":4.01672983169556,"rotation_x":0.0000000298022992950564,"rotation_y":2.84318995475769,"rotation_z":-0.00000413748012,"teleport_location_filename":"Middle3.jpg.json"}]}