{"area_name":"middle3.jpg","base_rotation":-1.47,"panorama_texture_filename":"Middle3.jpg.jpg","teleporter_positions":[{"position_x":-2.89623999595642,"position_y":-1.31326997280121,"position_z":0.675705015659332,"rotation_x":0,"rotation_y":-1.79999995231628,"rotation_z":-0.000000940473,"teleport_location_filename":"Middle4.jpg.json"},{"position_x":3.78913998603821,"position_y":-1.28071999549866,"position_z":-0.10470700263977,"rotation_x":0,"rotation_y":1.54316997528076,"rotation_z":-0.000000359799,"teleport_location_filename":"Middle2.jpg.json"}]}