{"area_name":"middle0.jpg","base_rotation":1.57,"panorama_texture_filename":"Middle0.jpg.jpg","teleporter_positions":[{"position_x":4.26147985458374,"position_y":-1.44029998779297,"position_z":0.124503001570702,"rotation_x":0.0000000298022992950564,"rotation_y":1.60000002384186,"rotation_z":-0.00000404413004,"teleport_location_filename":"Middle1.jpg.json"},{"position_x":-4.28764009475708,"position_y":-1.35477995872498,"position_z":-0.17502400279045,"rotation_x":-0.0000000298023,"rotation_y":-1.52999997138977,"rotation_z":0.000000422876013317364,"teleport_location_filename":"FrontRight.jpg.json"}]}