{"area_name":"middle2.jpg","base_rotation":0,"panorama_texture_filename":"Middle2.jpg.jpg","teleporter_positions":[{"position_x":-4.14912986755371,"position_y":-1.73506999015808,"position_z":0.162726998329163,"rotation_x":-0.0000000298023,"rotation_y":-1.61000001430511,"rotation_z":-0.00000318913999,"teleport_location_filename":"Middle3.jpg.json"},{"position_x":4.29756021499634,"position_y":-1.31181001663208,"position_z":-0.24790699779987,"rotation_x":0,"rotation_y":1.51317000389099,"rotation_z":-0.00000312252996,"teleport_location_filename":"Middle1.jpg.json"}]}