{"area_name":"middle6.jpg","base_rotation":1.36,"panorama_texture_filename":"Middle6.jpg.jpg","teleporter_positions":[{"position_x":4.35412979125977,"position_y":-1.00756001472473,"position_z":-0.52852100133896,"rotation_x":-0.0000000149013,"rotation_y":1.45000004768372,"rotation_z":-0.00000633986019,"teleport_location_filename":"Middle5.jpg.json"},{"position_x":-4.20971012115479,"position_y":-1.44042003154755,"position_z":0.675899028778076,"rotation_x":0,"rotation_y":-1.73000001907349,"rotation_z":-0.00000541494001,"teleport_location_filename":"Middle7.jpg.json"}]}