{"area_name":"middle1.jpg","base_rotation":0,"panorama_texture_filename":"Middle1.jpg.jpg","teleporter_positions":[{"position_x":-4.26094007492065,"position_y":-1.35479998588562,"position_z":0.510309994220734,"rotation_x":-0.0000000298023,"rotation_y":-1.69000005722046,"rotation_z":-0.00000264014989,"teleport_location_filename":"Middle0.jpg.json"},{"position_x":4.27375984191895,"position_y":-1.35483002662659,"position_z":-0.38909500837326,"rotation_x":0.0000000298022992950564,"rotation_y":1.48000001907349,"rotation_z":-0.00000262744993,"teleport_location_filename":"Middle2.jpg.json"}]}