{"area_name":"right3.jpg","base_rotation":0,"panorama_texture_filename":"Right3.jpg.jpg","teleporter_positions":[{"position_x":-4.23714017868042,"position_y":-1.35487997531891,"position_z":0.680325984954834,"rotation_x":0,"rotation_y":-1.73000001907349,"rotation_z":-0.000000146026,"teleport_location_filename":"Right1.jpg.json"},{"position_x":4.05944013595581,"position_y":-1.39772999286652,"position_z":-1.34883999824524,"rotation_x":0.0000000000000568433985320173,"rotation_y":1.25,"rotation_z":-0.00000196325004,"teleport_location_filename":"Right4.jpg.json"}]}
