{"area_name":"right1.jpg","base_rotation":0,"panorama_texture_filename":"Right1.jpg.jpg","teleporter_positions":[{"position_x":-4.28756999969482,"position_y":-1.31187999248505,"position_z":0.38348799943924,"rotation_x":-0.0000000298023,"rotation_y":-1.6599999666214,"rotation_z":-0.00000042294499,"teleport_location_filename":"Rights2.jpg.json"},{"position_x":4.34274005889893,"position_y":-1.09510004520416,"position_z":-0.43923398852348,"rotation_x":0,"rotation_y":1.47000002861023,"rotation_z":-0.0000000335867,"teleport_location_filename":"Right3.jpg.json"}]}