{"area_name":"right4.jpg","base_rotation":0,"panorama_texture_filename":"Right4.jpg.jpg","teleporter_positions":[{"position_x":-4.05297994613647,"position_y":-1.77655005455017,"position_z":0.818207025527954,"rotation_x":-0.0000000298023,"rotation_y":-1.76998996734619,"rotation_z":-0.00000165498,"teleport_location_filename":"Right3.jpg.json"},{"position_x":4.24324989318848,"position_y":-1.22558999061584,"position_z":-0.86367702484131,"rotation_x":0.0000000298024005473962,"rotation_y":1.37000000476837,"rotation_z":-0.00000145131003,"teleport_location_filename":"Right5.jpg.json"}]}