{"area_name":"right stairs1.jpg","base_rotation":0,"panorama_texture_filename":"RightStairs1.jpg.jpg","teleporter_positions":[{"position_x":-3.45502996444702,"position_y":-2.81521010398865,"position_z":0.62586897611618,"rotation_x":-0.0000000298023,"rotation_y":-1.75,"rotation_z":-0.00000592621018,"teleport_location_filename":"RightStairs0.jpg.json"},{"position_x":0.17043599486351,"position_y":-0.74285298585892,"position_z":4.43551015853882,"rotation_x":0,"rotation_y":3.10318994522095,"rotation_z":-0.00000445575006,"teleport_location_filename":"2Right0.jpg.json"}]}