{"area_name":"rights2.jpg","base_rotation":0,"panorama_texture_filename":"Rights2.jpg.jpg","teleporter_positions":[{"position_x":-2.41499996185303,"position_y":-1.53169000148773,"position_z":0.906814992427826,"rotation_x":0.0000000298024005473962,"rotation_y":-1.92999994754791,"rotation_z":-0.00000108667996,"teleport_location_filename":"Rights1.jpg.json"},{"position_x":2.68112993240356,"position_y":-1.26875996589661,"position_z":-3.38419008255005,"rotation_x":-0.0000000298023,"rotation_y":0.670001983642578,"rotation_z":-0.000000441672,"teleport_location_filename":"Right1.jpg.json"}]}
