{"area_name":"rights1.jpg","base_rotation":0,"panorama_texture_filename":"Rights1.jpg.jpg","teleporter_positions":[{"position_x":-3.43115997314453,"position_y":-1.85939002037048,"position_z":2.24409008026123,"rotation_x":-0.0000000298026,"rotation_y":-2.15000009536743,"rotation_z":0.00000613651991443476,"teleport_location_filename":"Rights0.jpg.json"},{"position_x":3.81503009796143,"position_y":-2.02185988426209,"position_z":1.27434003353119,"rotation_x":0,"rotation_y":1.89316999912262,"rotation_z":0.00000706165019437321,"teleport_location_filename":"Rights2.jpg.json"}]}