{"area_name":"right stairs0.jpg","base_rotation":0,"panorama_texture_filename":"RightStairs0.jpg.jpg","teleporter_positions":[{"position_x":4.0923900604248,"position_y":-1.81787002086639,"position_z":0.448664009571075,"rotation_x":-0.0000000298024,"rotation_y":1.67999994754791,"rotation_z":-0.0000040475702,"teleport_location_filename":"Right5.jpg.json"},{"position_x":-1.81832003593445,"position_y":-0.47533598542213,"position_z":4.08926010131836,"rotation_x":-0.0000000149012,"rotation_y":-2.72318005561829,"rotation_z":-0.00000344958994,"teleport_location_filename":"RightStairs1.jpg.json"}]}