{"area_name":"rights0.jpg","base_rotation":0,"panorama_texture_filename":"Rights0.jpg.jpg","teleporter_positions":[{"position_x":-2.88335990905762,"position_y":-2.10187005996704,"position_z":-2.7448399066925,"rotation_x":0,"rotation_y":-0.81000500917435,"rotation_z":0.00000405035007133847,"teleport_location_filename":"Back2.jpg.json"},{"position_x":-0.62984901666641,"position_y":-1.69395005702972,"position_z":4.12307977676392,"rotation_x":0.0000000298022992950564,"rotation_y":-2.99000000953674,"rotation_z":0.00000436160007666331,"teleport_location_filename":"Rights1.jpg.json"}]}