{"area_name":"right5.jpg","base_rotation":0,"panorama_texture_filename":"Right5.jpg.jpg","teleporter_positions":[{"position_x":4.02232980728149,"position_y":-1.65178000926971,"position_z":-1.16012001037598,"rotation_x":0,"rotation_y":1.28999996185303,"rotation_z":-0.00000128555996,"teleport_location_filename":"Right4.jpg.json"},{"position_x":-3.48985004425049,"position_y":-2.06147003173828,"position_z":-1.95571005344391,"rotation_x":0,"rotation_y":-1.05999994277954,"rotation_z":-0.00000428351996,"teleport_location_filename":"RightStairs0.jpg.json"}]}