{"area_name":"tut1.jpg","base_rotation":0,"panorama_texture_filename":"Tut1.jpg.jpg","teleporter_positions":[{"position_x":0.312646001577377,"position_y":-0.5199019908905,"position_z":-4.45860004425049,"rotation_x":0.00000000745059036688644,"rotation_y":0.0700026005506516,"rotation_z":-0.00000190071,"teleport_location_filename":"Tut2.jpg.json"}]}