{"area_name":"tut2.jpg","base_rotation":1.41,"panorama_texture_filename":"Tut2.jpg.jpg","teleporter_positions":[{"position_x":3.87506008148193,"position_y":-0.87542098760605,"position_z":2.11297988891602,"rotation_x":0,"rotation_y":2.0699999332428,"rotation_z":-0.00000211200995,"teleport_location_filename":"Tut3.jpg.json"},{"position_x":-4.17025995254517,"position_y":-0.83123898506165,"position_z":1.47139000892639,"rotation_x":-0.0000000149012,"rotation_y":-1.9099999666214,"rotation_z":-0.00000196724,"teleport_location_filename":"Tut1.jpg.json"}]}
