{"area_name":"tut3.jpg","base_rotation":0,"panorama_texture_filename":"Tut3.jpg.jpg","teleporter_positions":[{"position_x":-3.72114992141724,"position_y":-0.90999400615692,"position_z":1.83992004394531,"rotation_x":0,"rotation_y":-2.02999997138977,"rotation_z":-0.00000082818099,"teleport_location_filename":"Tut2.jpg.json"},{"position_x":-0.79818600416183,"position_y":-0.60923397541046,"position_z":-4.38652992248535,"rotation_x":-0.00000000000006,"rotation_y":-0.179996997118,"rotation_z":0.0000029468099000951,"teleport_location_filename":"Img2024032114013000113PureShot.jpg.json"}]}